source,target,status,decision,confidence,title,notes
/10-contemporary-kenyan-artists-you-should-know/,/magazine/10-contemporary-kenyan-artists-you-should-know,302,redirect_to_react_route,high,10 Contemporary Kenyan Artists You Should Know | WAKILISHA,Legacy article/page slug has a matching React magazine route.
/10-kenyan-authors-you-should-read/,/magazine/10-kenyan-authors-you-should-read,302,redirect_to_react_route,high,10 Kenyan Authors You Should Read | WAKILISHA,Legacy article/page slug has a matching React magazine route.
/10-places-in-nairobi-to-explore-art-music-and-design/,/magazine/10-places-in-nairobi-to-explore-art-music-and-design,302,redirect_to_react_route,high,"10 Places in Nairobi to Explore Art, Music and Design | WAKILISHA",Legacy article/page slug has a matching React magazine route.
/15-fatoumata-diawara-songs/,/magazine/15-fatoumata-diawara-songs,302,redirect_to_react_route,high,15 Fatoumata Diawara Songs to Improve Your Week | WAKILISHA,Legacy article/page slug has a matching React magazine route.
/15-things-to-do-home-5-months/,/magazine/15-things-to-do-home-5-months,302,redirect_to_react_route,high,15 Things To Do At Home When Life is Disrupted for 5 Months | WAKILISHA,Legacy article/page slug has a matching React magazine route.
/2021-visual-trends/,/magazine/2021-visual-trends,302,redirect_to_react_route,high,2021 Visual Trends | WAKILISHA,Legacy article/page slug has a matching React magazine route.
/2022-nyege-nyege-festival-officially-announced/,/magazine/2022-nyege-nyege-festival-officially-announced,302,redirect_to_react_route,high,2022 Nyege Nyege Festival Officially Announced | WAKILISHA,Legacy article/page slug has a matching React magazine route.
/2023-trends-to-take-note-of/,/magazine/2023-trends-to-take-note-of,302,redirect_to_react_route,high,2023 Trends to Take Note of | WAKILISHA,Legacy article/page slug has a matching React magazine route.
/4-tips-for-diversifying-your-diet-on-a-budget/,/magazine/4-tips-for-diversifying-your-diet-on-a-budget,302,redirect_to_react_route,high,4 Tips for Diversifying your Diet on a Budget | WAKILISHA,Legacy article/page slug has a matching React magazine route.
/5-cultural-destinations-worth-visiting-in-nairobi/,/magazine/5-cultural-destinations-worth-visiting-in-nairobi,302,redirect_to_react_route,high,5 Cultural Destinations Worth Visiting In Nairobi | WAKILISHA,Legacy article/page slug has a matching React magazine route.
/5-golden-rules-of-traversing-downtown-nairobi-ft-melodica-music-store/,/magazine/5-golden-rules-of-traversing-downtown-nairobi-ft-melodica-music-store,302,redirect_to_react_route,high,"The 5 Golden Rules of Traversing Downtown Nairobi, Featuring Melodica Music Stores | WAKILISHA",Legacy article/page slug has a matching React magazine route.
/5-ideas-to-make-christmas-2020-better/,/magazine/5-ideas-to-make-christmas-2020-better,302,redirect_to_react_route,high,5 Ideas to Make Christmas in Isolation Better | WAKILISHA,Legacy article/page slug has a matching React magazine route.
/5-kenyan-artists-to-follow/,/magazine/5-kenyan-artists-to-follow,302,redirect_to_react_route,high,5 Kenyan Artists to Follow | WAKILISHA,Legacy article/page slug has a matching React magazine route.
/5-kenyan-artists-to-look-out-for-in-2025/,/magazine/5-kenyan-artists-to-look-out-for-in-2025,302,redirect_to_react_route,high,5 Kenyan Artists To Look Out For In 2025 | WAKILISHA,Legacy article/page slug has a matching React magazine route.
/5-kenyan-music-events-you-should-attend-at-least-once/,/magazine/5-kenyan-music-events-you-should-attend-at-least-once,302,redirect_to_react_route,high,5 Kenyan Music Events You Should Attend At Least Once | WAKILISHA,Legacy article/page slug has a matching React magazine route.
/5-kenyan-music-podcasts-you-should-listen-to/,/magazine/5-kenyan-music-podcasts-you-should-listen-to,302,redirect_to_react_route,high,5 Kenyan Music Podcasts You Should Listen To | WAKILISHA,Legacy article/page slug has a matching React magazine route.
/5-reasons-why-you-should-wear-a-mask/,/magazine/5-reasons-why-you-should-wear-a-mask,302,redirect_to_react_route,high,5 Reasons Why You Should Wear A Mask | WAKILISHA,Legacy article/page slug has a matching React magazine route.
/8-kenyan-artists-making-waves-in-2021/,/magazine/8-kenyan-artists-making-waves-in-2021,302,redirect_to_react_route,high,8 Kenyan Artists Making Waves in 2021 | WAKILISHA,Legacy article/page slug has a matching React magazine route.
/a-bad-memory-recorder-practice-and-female-friendships/,/magazine/a-bad-memory-recorder-practice-and-female-friendships,302,redirect_to_react_route,high,"A bad memory, recorder practice, and female friendships | WAKILISHA",Legacy article/page slug has a matching React magazine route.
/acumen-and-dominion-why-wakadinali-only-sit-in-the-cockpit-of-entertainment/,/magazine/acumen-and-dominion-why-wakadinali-only-sit-in-the-cockpit-of-entertainment,302,redirect_to_react_route,high,Acumen and Dominion: Why Wakadinali only sit in the cockpit of entertainment | WAKILISHA,Legacy article/page slug has a matching React magazine route.
/affordable-art-show-2023/,/magazine/affordable-art-show-2023,302,redirect_to_react_route,high,The 2023 Affordable Art Show Promises You More Art | WAKILISHA,Legacy article/page slug has a matching React magazine route.
/african-renaissance-through-music-part-ii/,/magazine/african-renaissance-through-music-part-ii,302,redirect_to_react_route,high,African Renaissance Through Music – Part II | WAKILISHA,Legacy article/page slug has a matching React magazine route.
/african-renaissance-through-music/,/magazine/african-renaissance-through-music,302,redirect_to_react_route,high,African Renaissance Through Music – Part I | WAKILISHA,Legacy article/page slug has a matching React magazine route.
/africas-online-gossip-enterprise-and-its-place-in-the-entertainment-industry/,/magazine/africas-online-gossip-enterprise-and-its-place-in-the-entertainment-industry,302,redirect_to_react_route,high,Africa&#039;s Online Gossip Enterprise and its Role in the Entertainment Industry | WAKILISHA,Legacy article/page slug has a matching React magazine route.
/ai-could-take-my-job-and-maybe-thats-a-good-thing/,/magazine/ai-could-take-my-job-and-maybe-thats-a-good-thing,302,redirect_to_react_route,high,AI Could Take My Job and Maybe That&#039;s a Good Thing | WAKILISHA,Legacy article/page slug has a matching React magazine route.
/ai-for-all/,/magazine/ai-for-all,302,redirect_to_react_route,high,AI For All | WAKILISHA,Legacy article/page slug has a matching React magazine route.
/album-review-58-flava-by-buruklyn-boyz/,/magazine/album-review-58-flava-by-buruklyn-boyz,302,redirect_to_react_route,high,Album Review: 58 Flava by Buruklyn Boyz | WAKILISHA,Legacy article/page slug has a matching React magazine route.
/album-review-alusa-why-are-you-topless/,/magazine/album-review-alusa-why-are-you-topless,302,redirect_to_react_route,high,Album Review: Alusa Why Are You Topless? | WAKILISHA,Legacy article/page slug has a matching React magazine route.
/album-review-dusk-to-dawn-by-serro/,/magazine/album-review-dusk-to-dawn-by-serro,302,redirect_to_react_route,high,Album Review: Dusk to Dawn by Serro | WAKILISHA,Legacy article/page slug has a matching React magazine route.
/album-review-labor-of-love-zaituni-wambui/,/magazine/album-review-labor-of-love-zaituni-wambui,302,redirect_to_react_route,high,Album Review: Labor of Love by Zaituni Wambui | WAKILISHA,Legacy article/page slug has a matching React magazine route.
/album-review-love-hate-pt-1/,/magazine/album-review-love-hate-pt-1,302,redirect_to_react_route,high,Album Review: Love / Hate Pt. 1 | WAKILISHA,Legacy article/page slug has a matching React magazine route.
/album-review-love-letters-3-by-caleb-awiti/,/magazine/album-review-love-letters-3-by-caleb-awiti,302,redirect_to_react_route,high,Album Review: Love Letters 3 by Caleb Awiti | WAKILISHA,Legacy article/page slug has a matching React magazine route.
/album-review-mauru-unit/,/magazine/album-review-mauru-unit,302,redirect_to_react_route,high,Album Review: Mauru Unit | WAKILISHA,Legacy article/page slug has a matching React magazine route.
/album-review-maybe-ii-by-xenia-manasseh-and-ukweli/,/magazine/album-review-maybe-ii-by-xenia-manasseh-and-ukweli,302,redirect_to_react_route,high,Album Review: Maybe II by Xenia Manasseh and Ukweli | WAKILISHA,Legacy article/page slug has a matching React magazine route.
/album-review-mtoto-wa-khadija-by-mejja/,/magazine/album-review-mtoto-wa-khadija-by-mejja,302,redirect_to_react_route,high,Album Review: Mtoto wa Khadija by Mejja | WAKILISHA,Legacy article/page slug has a matching React magazine route.
/album-review-now-its-experience-talking-blinky-bill-muthoni-drummer-queen/,/magazine/album-review-now-its-experience-talking-blinky-bill-muthoni-drummer-queen,302,redirect_to_react_route,high,Album Review: Now It&#039;s Experience Talking by Blinky Bill and Muthoni Drummer Queen | WAKILISHA,Legacy article/page slug has a matching React magazine route.
/album-review-sumbua-by-lil-maina/,/magazine/album-review-sumbua-by-lil-maina,302,redirect_to_react_route,high,Album Review: Sumbua by Lil Maina | WAKILISHA,Legacy article/page slug has a matching React magazine route.
/album-review-sweetest-time-by-maya-amolo/,/magazine/album-review-sweetest-time-by-maya-amolo,302,redirect_to_react_route,high,Album Review: Sweetest Time by Maya Amolo | WAKILISHA,Legacy article/page slug has a matching React magazine route.
/album-review-the-lion-of-sudah/,/magazine/album-review-the-lion-of-sudah,302,redirect_to_react_route,high,Album Review: The Lion Of Sudah | WAKILISHA,Legacy article/page slug has a matching React magazine route.
/album-review-time2023-by-h_art-the-band/,/magazine/album-review-time2023-by-h_art-the-band,302,redirect_to_react_route,high,Album Review: Time(2023) by H_art the Band | WAKILISHA,Legacy article/page slug has a matching React magazine route.
/album-review-victims-of-madness-2-0/,/magazine/album-review-victims-of-madness-2-0,302,redirect_to_react_route,high,Album Review: Victims of Madness 2.0 | WAKILISHA,Legacy article/page slug has a matching React magazine route.
/album-review-we-dont-need-money-to-be-rich-by-mutoriah/,/magazine/album-review-we-dont-need-money-to-be-rich-by-mutoriah,302,redirect_to_react_route,high,Album Review: We Don&#039;t Need Money To Be Rich by Mutoriah | WAKILISHA,Legacy article/page slug has a matching React magazine route.
/all-that-glitters/,/magazine/all-that-glitters,302,redirect_to_react_route,high,All that glitters | WAKILISHA,Legacy article/page slug has a matching React magazine route.
/anyango-mpinga-leading-the-way-for-kenyan-fashion-designers/,/magazine/anyango-mpinga-leading-the-way-for-kenyan-fashion-designers,302,redirect_to_react_route,high,Anyango Mpinga is leading the way for Kenyan fashion designers | WAKILISHA,Legacy article/page slug has a matching React magazine route.
/art-guide-mapping-nairobi-cultural-hotspots/,/magazine/art-guide-mapping-nairobi-cultural-hotspots,302,redirect_to_react_route,high,Art Guide: Mapping Nairobi&#039;s Cultural Hotspots | WAKILISHA,Legacy article/page slug has a matching React magazine route.
/artist/4mr-frank-white/,/artists/4mr-frank-white,302,redirect_to_react_route,high,4mr Frank White | WAKILISHA,Legacy singular /artist/ route should map to React plural /artists/ route.
/artist/ayrosh/,/artists/ayrosh,302,redirect_to_react_route,high,Ayrosh | WAKILISHA,Legacy singular /artist/ route should map to React plural /artists/ route.
/artist/ayub-ogada/,/artists/ayub-ogada,302,redirect_to_react_route,high,Ayub Ogada | WAKILISHA,Legacy singular /artist/ route should map to React plural /artists/ route.
/artist/bahati/,/artists/bahati,302,redirect_to_react_route,high,Bahati | WAKILISHA,Legacy singular /artist/ route should map to React plural /artists/ route.
/artist/bensoul/,/artists/bensoul,302,redirect_to_react_route,high,Bensoul | WAKILISHA,Legacy singular /artist/ route should map to React plural /artists/ route.
/artist/bien/,/artists/bien,302,redirect_to_react_route,high,Bien | WAKILISHA,Legacy singular /artist/ route should map to React plural /artists/ route.
/artist/big-nyagz/,/artists/big-nyagz,302,redirect_to_react_route,high,Big Nyagz | WAKILISHA,Legacy singular /artist/ route should map to React plural /artists/ route.
/artist/blinky-bill/,/artists/blinky-bill,302,redirect_to_react_route,high,Blinky Bill | WAKILISHA,Legacy singular /artist/ route should map to React plural /artists/ route.
/artist/boutross/,/artists/boutross,302,redirect_to_react_route,high,Boutross | WAKILISHA,Legacy singular /artist/ route should map to React plural /artists/ route.
/artist/brandy-maina/,/artists/brandy-maina,302,redirect_to_react_route,high,Brandy Maina | WAKILISHA,Legacy singular /artist/ route should map to React plural /artists/ route.
/artist/breeder-lw/,/artists/breeder-lw,302,redirect_to_react_route,high,Breeder LW | WAKILISHA,Legacy singular /artist/ route should map to React plural /artists/ route.
/artist/bridget-blue/,/artists/bridget-blue,302,redirect_to_react_route,high,Bridget Blue | WAKILISHA,Legacy singular /artist/ route should map to React plural /artists/ route.
/artist/buruklyn-boyz/,/artists/buruklyn-boyz,302,redirect_to_react_route,high,BURUKLYN BOYZ | WAKILISHA,Legacy singular /artist/ route should map to React plural /artists/ route.
/artist/caleb-awiti/,/artists/caleb-awiti,302,redirect_to_react_route,high,Caleb Awiti | WAKILISHA,Legacy singular /artist/ route should map to React plural /artists/ route.
/artist/charisma/,/artists/charisma,302,redirect_to_react_route,high,Charisma | WAKILISHA,Legacy singular /artist/ route should map to React plural /artists/ route.
/artist/chimano/,/artists/chimano,302,redirect_to_react_route,high,Chimano | WAKILISHA,Legacy singular /artist/ route should map to React plural /artists/ route.
/artist/chris-kaiga/,/artists/chris-kaiga,302,redirect_to_react_route,high,Chris Kaiga | WAKILISHA,Legacy singular /artist/ route should map to React plural /artists/ route.
/artist/ciano-maimba/,/artists/ciano-maimba,302,redirect_to_react_route,high,Ciano Maimba | WAKILISHA,Legacy singular /artist/ route should map to React plural /artists/ route.
/artist/coster-ojwang/,/artists/coster-ojwang,302,redirect_to_react_route,high,Coster Ojwang | WAKILISHA,Legacy singular /artist/ route should map to React plural /artists/ route.
/artist/dyana-cods/,/artists/dyana-cods,302,redirect_to_react_route,high,Dyana Cods | WAKILISHA,Legacy singular /artist/ route should map to React plural /artists/ route.
/artist/e-sir/,/artists/e-sir,302,redirect_to_react_route,high,E-Sir | WAKILISHA,Legacy singular /artist/ route should map to React plural /artists/ route.
/artist/elani/,/artists/elani,302,redirect_to_react_route,high,Elani | WAKILISHA,Legacy singular /artist/ route should map to React plural /artists/ route.
/artist/elsy-wameyo/,/artists/elsy-wameyo,302,redirect_to_react_route,high,Elsy Wameyo | WAKILISHA,Legacy singular /artist/ route should map to React plural /artists/ route.
/artist/eric-wainaina/,/artists/eric-wainaina,302,redirect_to_react_route,high,Eric Wainaina | WAKILISHA,Legacy singular /artist/ route should map to React plural /artists/ route.
/artist/ethic/,/artists/ethic,302,redirect_to_react_route,high,ETHIC | WAKILISHA,Legacy singular /artist/ route should map to React plural /artists/ route.
/artist/exray-taniua/,/artists/exray-taniua,302,redirect_to_react_route,high,Exray Taniua | WAKILISHA,Legacy singular /artist/ route should map to React plural /artists/ route.
/artist/fancy-fingers/,/artists/fancy-fingers,302,redirect_to_react_route,high,Fancy Fingers | WAKILISHA,Legacy singular /artist/ route should map to React plural /artists/ route.
/artist/fathermoh/,/artists/fathermoh,302,redirect_to_react_route,high,Fathermoh | WAKILISHA,Legacy singular /artist/ route should map to React plural /artists/ route.
/artist/fena-gitu/,/artists/fena-gitu,302,redirect_to_react_route,high,Fena Gitu | WAKILISHA,Legacy singular /artist/ route should map to React plural /artists/ route.
/artist/flier/,/artists/flier,302,redirect_to_react_route,high,Flier | WAKILISHA,Legacy singular /artist/ route should map to React plural /artists/ route.
/artist/genes1s/,/artists/genes1s,302,redirect_to_react_route,high,Genes1s | WAKILISHA,Legacy singular /artist/ route should map to React plural /artists/ route.
/artist/h_art-the-band/,/artists/h_art-the-band,302,redirect_to_react_route,high,H_art The Band | WAKILISHA,Legacy singular /artist/ route should map to React plural /artists/ route.
/artist/israel-onyach/,/artists/israel-onyach,302,redirect_to_react_route,high,Israel Onyach | WAKILISHA,Legacy singular /artist/ route should map to React plural /artists/ route.
/artist/iyanii/,/artists/iyanii,302,redirect_to_react_route,high,Iyanii | WAKILISHA,Legacy singular /artist/ route should map to React plural /artists/ route.
/artist/joefes/,/artists/joefes,302,redirect_to_react_route,high,Joefes | WAKILISHA,Legacy singular /artist/ route should map to React plural /artists/ route.
/artist/jua-cali/,/artists/jua-cali,302,redirect_to_react_route,high,Jua Cali | WAKILISHA,Legacy singular /artist/ route should map to React plural /artists/ route.
/artist/juliani/,/artists/juliani,302,redirect_to_react_route,high,Juliani | WAKILISHA,Legacy singular /artist/ route should map to React plural /artists/ route.
/artist/june-gachui/,/artists/june-gachui,302,redirect_to_react_route,high,June Gachui | WAKILISHA,Legacy singular /artist/ route should map to React plural /artists/ route.
/artist/just-a-band/,/artists/just-a-band,302,redirect_to_react_route,high,Just A Band | WAKILISHA,Legacy singular /artist/ route should map to React plural /artists/ route.
/artist/kaa-la-moto/,/artists/kaa-la-moto,302,redirect_to_react_route,high,Kaa La Moto | WAKILISHA,Legacy singular /artist/ route should map to React plural /artists/ route.
/artist/kagwe-mungai/,/artists/kagwe-mungai,302,redirect_to_react_route,high,Kagwe Mungai | WAKILISHA,Legacy singular /artist/ route should map to React plural /artists/ route.
/artist/kahush/,/artists/kahush,302,redirect_to_react_route,high,Kahu$h | WAKILISHA,Legacy singular /artist/ route should map to React plural /artists/ route.
/artist/kalamashaka/,/artists/kalamashaka,302,redirect_to_react_route,high,Kalamashaka | WAKILISHA,Legacy singular /artist/ route should map to React plural /artists/ route.
/artist/karura-voices/,/artists/karura-voices,302,redirect_to_react_route,high,Karura Voices | WAKILISHA,Legacy singular /artist/ route should map to React plural /artists/ route.
/artist/katapilla/,/artists/katapilla,302,redirect_to_react_route,high,Katapilla | WAKILISHA,Legacy singular /artist/ route should map to React plural /artists/ route.
/artist/kethan/,/artists/kethan,302,redirect_to_react_route,high,Kethan | WAKILISHA,Legacy singular /artist/ route should map to React plural /artists/ route.
/artist/khaligraph-jones/,/artists/khaligraph-jones,302,redirect_to_react_route,high,Khaligraph Jones | WAKILISHA,Legacy singular /artist/ route should map to React plural /artists/ route.
/artist/king-kaka/,/artists/king-kaka,302,redirect_to_react_route,high,King Kaka | WAKILISHA,Legacy singular /artist/ route should map to React plural /artists/ route.
/artist/kitu-sewer/,/artists/kitu-sewer,302,redirect_to_react_route,high,Kitu Sewer | WAKILISHA,Legacy singular /artist/ route should map to React plural /artists/ route.
/artist/kleptomaniax/,/artists/kleptomaniax,302,redirect_to_react_route,high,Kleptomaniax | WAKILISHA,Legacy singular /artist/ route should map to React plural /artists/ route.
/artist/krg-the-don/,/artists/krg-the-don,302,redirect_to_react_route,high,Krg the Don | WAKILISHA,Legacy singular /artist/ route should map to React plural /artists/ route.
/artist/kushman/,/artists/kushman,302,redirect_to_react_route,high,Kushman | WAKILISHA,Legacy singular /artist/ route should map to React plural /artists/ route.
/artist/lil-maina/,/artists/lil-maina,302,redirect_to_react_route,high,Lil Maina | WAKILISHA,Legacy singular /artist/ route should map to React plural /artists/ route.
/artist/maandy/,/artists/maandy,302,redirect_to_react_route,high,Maandy | WAKILISHA,Legacy singular /artist/ route should map to React plural /artists/ route.
/artist/maovete/,/artists/maovete,302,redirect_to_react_route,high,Maovete | WAKILISHA,Legacy singular /artist/ route should map to React plural /artists/ route.
/artist/masauti/,/artists/masauti,302,redirect_to_react_route,high,Masauti | WAKILISHA,Legacy singular /artist/ route should map to React plural /artists/ route.
/artist/mastar-vk/,/artists/mastar-vk,302,redirect_to_react_route,high,Mastar VK | WAKILISHA,Legacy singular /artist/ route should map to React plural /artists/ route.
/artist/matata/,/artists/matata,302,redirect_to_react_route,high,Matata | WAKILISHA,Legacy singular /artist/ route should map to React plural /artists/ route.
/artist/matt-ngesa/,/artists/matt-ngesa,302,redirect_to_react_route,high,Matt Ngesa | WAKILISHA,Legacy singular /artist/ route should map to React plural /artists/ route.
/artist/mau-from-nowhere/,/artists/mau-from-nowhere,302,redirect_to_react_route,high,mau from nowhere | WAKILISHA,Legacy singular /artist/ route should map to React plural /artists/ route.
/artist/maya-amolo/,/artists/maya-amolo,302,redirect_to_react_route,high,Maya Amolo | WAKILISHA,Legacy singular /artist/ route should map to React plural /artists/ route.
/artist/mayonde/,/artists/mayonde,302,redirect_to_react_route,high,Mayonde | WAKILISHA,Legacy singular /artist/ route should map to React plural /artists/ route.
/artist/mbuzi-gang/,/artists/mbuzi-gang,302,redirect_to_react_route,high,Mbuzi Gang | WAKILISHA,Legacy singular /artist/ route should map to React plural /artists/ route.
/artist/mejja/,/artists/mejja,302,redirect_to_react_route,high,Mejja | WAKILISHA,Legacy singular /artist/ route should map to React plural /artists/ route.
/artist/mordecai-dex/,/artists/mordecai-dex,302,redirect_to_react_route,high,Mordecai Dex | WAKILISHA,Legacy singular /artist/ route should map to React plural /artists/ route.
/artist/muthaka/,/artists/muthaka,302,redirect_to_react_route,high,Muthaka | WAKILISHA,Legacy singular /artist/ route should map to React plural /artists/ route.
/artist/mutoriah/,/artists/mutoriah,302,redirect_to_react_route,high,Mutoriah | WAKILISHA,Legacy singular /artist/ route should map to React plural /artists/ route.
/artist/nadia-mukami/,/artists/nadia-mukami,302,redirect_to_react_route,high,Nadia Mukami | WAKILISHA,Legacy singular /artist/ route should map to React plural /artists/ route.
/artist/ndovu-kuu/,/artists/ndovu-kuu,302,redirect_to_react_route,high,NDOVU KUU | WAKILISHA,Legacy singular /artist/ route should map to React plural /artists/ route.
/artist/njerae/,/artists/njerae,302,redirect_to_react_route,high,Njerae | WAKILISHA,Legacy singular /artist/ route should map to React plural /artists/ route.
/artist/njoki-karu/,/artists/njoki-karu,302,redirect_to_react_route,high,Njoki Karu | WAKILISHA,Legacy singular /artist/ route should map to React plural /artists/ route.
/artist/nyashinski/,/artists/nyashinski,302,redirect_to_react_route,high,Nyashinski | WAKILISHA,Legacy singular /artist/ route should map to React plural /artists/ route.
/artist/ochungulo-family/,/artists/ochungulo-family,302,redirect_to_react_route,high,Ochungulo Family | WAKILISHA,Legacy singular /artist/ route should map to React plural /artists/ route.
/artist/octopizzo/,/artists/octopizzo,302,redirect_to_react_route,high,Octopizzo | WAKILISHA,Legacy singular /artist/ route should map to React plural /artists/ route.
/artist/okello-max/,/artists/okello-max,302,redirect_to_react_route,high,Okello Max | WAKILISHA,Legacy singular /artist/ route should map to React plural /artists/ route.
/artist/otile-brown/,/artists/otile-brown,302,redirect_to_react_route,high,Otile Brown | WAKILISHA,Legacy singular /artist/ route should map to React plural /artists/ route.
/artist/polaris-pauline/,/artists/polaris-pauline,302,redirect_to_react_route,high,Polaris Pauline | WAKILISHA,Legacy singular /artist/ route should map to React plural /artists/ route.
/artist/rekles/,/artists/rekles,302,redirect_to_react_route,high,Rekles | WAKILISHA,Legacy singular /artist/ route should map to React plural /artists/ route.
/artist/sabi-wu/,/artists/sabi-wu,302,redirect_to_react_route,high,Sabi Wu | WAKILISHA,Legacy singular /artist/ route should map to React plural /artists/ route.
/artist/sauti-sol/,/artists/sauti-sol,302,redirect_to_react_route,high,Sauti Sol | WAKILISHA,Legacy singular /artist/ route should map to React plural /artists/ route.
/artist/savara/,/artists/savara,302,redirect_to_react_route,high,Savara | WAKILISHA,Legacy singular /artist/ route should map to React plural /artists/ route.
/artist/savinnah/,/artists/savinnah,302,redirect_to_react_route,high,Savinnah | WAKILISHA,Legacy singular /artist/ route should map to React plural /artists/ route.
/artist/scar-mkadinali/,/artists/scar-mkadinali,302,redirect_to_react_route,high,Scar Mkadinali | WAKILISHA,Legacy singular /artist/ route should map to React plural /artists/ route.
/artist/serro/,/artists/serro,302,redirect_to_react_route,high,SERRO | WAKILISHA,Legacy singular /artist/ route should map to React plural /artists/ route.
/artist/sewersydaa/,/artists/sewersydaa,302,redirect_to_react_route,high,Sewersydaa | WAKILISHA,Legacy singular /artist/ route should map to React plural /artists/ route.
/artist/shekinah-karen/,/artists/shekinah-karen,302,redirect_to_react_route,high,Shekinah Karen | WAKILISHA,Legacy singular /artist/ route should map to React plural /artists/ route.
/artist/sofiya-nzau/,/artists/sofiya-nzau,302,redirect_to_react_route,high,Sofiya Nzau | WAKILISHA,Legacy singular /artist/ route should map to React plural /artists/ route.
/artist/ssaru/,/artists/ssaru,302,redirect_to_react_route,high,Ssaru | WAKILISHA,Legacy singular /artist/ route should map to React plural /artists/ route.
/artist/stacy-kamatu/,/artists/stacy-kamatu,302,redirect_to_react_route,high,STACY KAMATU | WAKILISHA,Legacy singular /artist/ route should map to React plural /artists/ route.
/artist/swat-matire/,/artists/swat-matire,302,redirect_to_react_route,high,Swat Matire | WAKILISHA,Legacy singular /artist/ route should map to React plural /artists/ route.
/artist/teslah/,/artists/teslah,302,redirect_to_react_route,high,Teslah | WAKILISHA,Legacy singular /artist/ route should map to React plural /artists/ route.
/artist/tina-ardor/,/artists/tina-ardor,302,redirect_to_react_route,high,Tina Ardor | WAKILISHA,Legacy singular /artist/ route should map to React plural /artists/ route.
/artist/tipsy-gee/,/artists/tipsy-gee,302,redirect_to_react_route,high,Tipsy Gee | WAKILISHA,Legacy singular /artist/ route should map to React plural /artists/ route.
/artist/toxic-lyrikali/,/artists/toxic-lyrikali,302,redirect_to_react_route,high,Toxic Lyrikali | WAKILISHA,Legacy singular /artist/ route should map to React plural /artists/ route.
/artist/trio-mio/,/artists/trio-mio,302,redirect_to_react_route,high,Trio Mio | WAKILISHA,Legacy singular /artist/ route should map to React plural /artists/ route.
/artist/ukweli/,/artists/ukweli,302,redirect_to_react_route,high,Ukweli | WAKILISHA,Legacy singular /artist/ route should map to React plural /artists/ route.
/artist/uncojingjong/,/artists/uncojingjong,302,redirect_to_react_route,high,Uncojingjong | WAKILISHA,Legacy singular /artist/ route should map to React plural /artists/ route.
/artist/unspoken-salaton/,/artists/unspoken-salaton,302,redirect_to_react_route,high,Unspoken Salaton | WAKILISHA,Legacy singular /artist/ route should map to React plural /artists/ route.
/artist/v-be/,/artists/v-be,302,redirect_to_react_route,high,V-Be | WAKILISHA,Legacy singular /artist/ route should map to React plural /artists/ route.
/artist/vic-west/,/artists/vic-west,302,redirect_to_react_route,high,Vic West | WAKILISHA,Legacy singular /artist/ route should map to React plural /artists/ route.
/artist/wakadinali/,/artists/wakadinali,302,redirect_to_react_route,high,Wakadinali | WAKILISHA,Legacy singular /artist/ route should map to React plural /artists/ route.
/artist/wanavokali/,/artists/wanavokali,302,redirect_to_react_route,high,Wanavokali | WAKILISHA,Legacy singular /artist/ route should map to React plural /artists/ route.
/artist/wangechi/,/artists/wangechi,302,redirect_to_react_route,high,Wangechi | WAKILISHA,Legacy singular /artist/ route should map to React plural /artists/ route.
/artist/wanja-wohoro/,/artists/wanja-wohoro,302,redirect_to_react_route,high,Wanja Wohoro | WAKILISHA,Legacy singular /artist/ route should map to React plural /artists/ route.
/artist/watendawili/,/artists/watendawili,302,redirect_to_react_route,high,Watendawili | WAKILISHA,Legacy singular /artist/ route should map to React plural /artists/ route.
/artist/we-are-nubia/,/artists/we-are-nubia,302,redirect_to_react_route,high,We Are Nubia | WAKILISHA,Legacy singular /artist/ route should map to React plural /artists/ route.
/artist/willy-paul/,/artists/willy-paul,302,redirect_to_react_route,high,Willy Paul | WAKILISHA,Legacy singular /artist/ route should map to React plural /artists/ route.
/artist/winyo/,/artists/winyo,302,redirect_to_react_route,high,Winyo | WAKILISHA,Legacy singular /artist/ route should map to React plural /artists/ route.
/artist/wyre/,/artists/wyre,302,redirect_to_react_route,high,Wyre | WAKILISHA,Legacy singular /artist/ route should map to React plural /artists/ route.
/artist/xenia-manasseh/,/artists/xenia-manasseh,302,redirect_to_react_route,high,Xenia Manasseh | WAKILISHA,Legacy singular /artist/ route should map to React plural /artists/ route.
/artist/yaba/,/artists/yaba,302,redirect_to_react_route,high,Yaba | WAKILISHA,Legacy singular /artist/ route should map to React plural /artists/ route.
/artist/ywaya-tajiri/,/artists/ywaya-tajiri,302,redirect_to_react_route,high,Ywaya Tajiri | WAKILISHA,Legacy singular /artist/ route should map to React plural /artists/ route.
/artist/zaituni/,/artists/zaituni,302,redirect_to_react_route,high,Zaituni | WAKILISHA,Legacy singular /artist/ route should map to React plural /artists/ route.
/artist/zowie-kengocha/,/artists/zowie-kengocha,302,redirect_to_react_route,high,Zowie Kengocha | WAKILISHA,Legacy singular /artist/ route should map to React plural /artists/ route.
/artist/zzero-sufuri/,/artists/zzero-sufuri,302,redirect_to_react_route,high,Zzero Sufuri | WAKILISHA,Legacy singular /artist/ route should map to React plural /artists/ route.
/atemi-brings-the-joy-of-christmas-alive-in-tis-the-season-album/,/magazine/atemi-brings-the-joy-of-christmas-alive-in-tis-the-season-album,302,redirect_to_react_route,high,Atemi Brings the Joy of Christmas Alive in &#039;Tis the Season&#039; Album | WAKILISHA,Legacy article/page slug has a matching React magazine route.
/beef-the-rivalries-that-shaped-kenyan-music/,/magazine/beef-the-rivalries-that-shaped-kenyan-music,302,redirect_to_react_route,high,Beef: The Rivalries That Shaped Kenyan Music | WAKILISHA,Legacy article/page slug has a matching React magazine route.
/best-apple-music-playlists-to-discover-new-kenyan-music/,/magazine/best-apple-music-playlists-to-discover-new-kenyan-music,302,redirect_to_react_route,high,Best Apple Music Playlists to Discover New Kenyan Music | WAKILISHA,Legacy article/page slug has a matching React magazine route.
/best-new-kenyan-music-2022/,/magazine/best-new-kenyan-music-2022,302,redirect_to_react_route,high,Best New Kenyan Music in 2022 | WAKILISHA,Legacy article/page slug has a matching React magazine route.
/bigpin-is-back-with-new-ep-pino/,/magazine/bigpin-is-back-with-new-ep-pino,302,redirect_to_react_route,high,Bigpin Is Back With New Self-Titled EP &#039;Pino&#039; | WAKILISHA,Legacy article/page slug has a matching React magazine route.
/birth-of-gengetone/,/magazine/birth-of-gengetone,302,redirect_to_react_route,high,The Birth of Gengetone | WAKILISHA,Legacy article/page slug has a matching React magazine route.
/building-a-sustainable-music-industry-in-kenya/,/magazine/building-a-sustainable-music-industry-in-kenya,302,redirect_to_react_route,high,Building a Sustainable Music Industry in Kenya | WAKILISHA,Legacy article/page slug has a matching React magazine route.
/buruklyn-boyz-inspiring-a-new-generation-of-young-artists/,/magazine/buruklyn-boyz-inspiring-a-new-generation-of-young-artists,302,redirect_to_react_route,high,"Buruklyn Boyz, Inspiring a New Generation of Young Artists | WAKILISHA",Legacy article/page slug has a matching React magazine route.
/calling-african-creatives-your-comprehensive-guide-to-2024s-end-of-year-noteworthy-prizes-residencies-masterclasses-and-more/,/magazine/calling-african-creatives-your-comprehensive-guide-to-2024s-end-of-year-noteworthy-prizes-residencies-masterclasses-and-more,302,redirect_to_react_route,high,"Calling African Creatives: Your Comprehensive Guide to 2024&#039;s End-of-Year Prizes, Residencies, Masterclasses and More…",Legacy article/page slug has a matching React magazine route.
/capture-the-beauty-of-nature-through-photography/,/magazine/capture-the-beauty-of-nature-through-photography,302,redirect_to_react_route,high,Capture the Beauty of Nature through Photography | WAKILISHA,Legacy article/page slug has a matching React magazine route.
/case-to-rename-landmarks-of-africa/,/magazine/case-to-rename-landmarks-of-africa,302,redirect_to_react_route,high,The Case to Rename Africa&#039;s Landmarks | WAKILISHA,Legacy article/page slug has a matching React magazine route.
/cave-bureau-indigenous-communities-2023-venice-architecture-biennale/,/magazine/cave-bureau-indigenous-communities-2023-venice-architecture-biennale,302,redirect_to_react_route,high,Kenyan Collective cave_bureau Shares the Wisdom of Indigenous Communities at the 2023 Venice Architecture Biennale |…,Legacy article/page slug has a matching React magazine route.
/chapter-5-a-good-citizen/,/magazine/chapter-5-a-good-citizen,302,redirect_to_react_route,high,Chapter 5: A Good Citizen | WAKILISHA,Legacy article/page slug has a matching React magazine route.
/christmas-in-2020/,/magazine/christmas-in-2020,302,redirect_to_react_route,high,Christmas in 2020 | WAKILISHA,Legacy article/page slug has a matching React magazine route.
/chronicles-of-gedi-the-heart-of-a-jackal/,/magazine/chronicles-of-gedi-the-heart-of-a-jackal,302,redirect_to_react_route,high,Chronicles of Gedi: The Heart of a Jackal | WAKILISHA,Legacy article/page slug has a matching React magazine route.
/chronicles-of-gedi-the-hunter-and-the-roving-pt-1/,/magazine/chronicles-of-gedi-the-hunter-and-the-roving-pt-1,302,redirect_to_react_route,high,Chronicles of Gedi: The Hunter and the Roving Pt. 1 | WAKILISHA,Legacy article/page slug has a matching React magazine route.
/circle-art-to-showcase-dickens-otienos-new-works-at-art-dubai-2023/,/magazine/circle-art-to-showcase-dickens-otienos-new-works-at-art-dubai-2023,302,redirect_to_react_route,high,Circle Art to Showcase Dickens Otieno&#039;s New Works at Art Dubai 2023 | WAKILISHA,Legacy article/page slug has a matching React magazine route.
/collaboration-in-kenyan-music-industry/,/magazine/collaboration-in-kenyan-music-industry,302,redirect_to_react_route,high,Collaboration in the Kenyan Music Industry | WAKILISHA,Legacy article/page slug has a matching React magazine route.
/contacts/,/contact,302,redirect_to_react_route,high,Contacts | WAKILISHA,Known legacy static/account route has a matching React destination.
/cultivating-new-cultural-identity/,/magazine/cultivating-new-cultural-identity,302,redirect_to_react_route,high,Cultivating a New Cultural Identity | WAKILISHA,Legacy article/page slug has a matching React magazine route.
/cultural-destinations-outside-nairobi-worth-visiting/,/magazine/cultural-destinations-outside-nairobi-worth-visiting,302,redirect_to_react_route,high,5 Cultural Destinations Outside Nairobi Worth Visiting | WAKILISHA,Legacy article/page slug has a matching React magazine route.
/dear-baba-from-the-africa-you-dreamt-of/,/magazine/dear-baba-from-the-africa-you-dreamt-of,302,redirect_to_react_route,high,"Dear Baba, from the Africa You Dreamt Of | WAKILISHA",Legacy article/page slug has a matching React magazine route.
/debunking-5-top-conspiracy-theories-in-kenya/,/magazine/debunking-5-top-conspiracy-theories-in-kenya,302,redirect_to_react_route,high,Debunking 5 Top Conspiracy Theories in Kenya | WAKILISHA,Legacy article/page slug has a matching React magazine route.
/delightful-start-to-season-2-of-bare-sessions/,/magazine/delightful-start-to-season-2-of-bare-sessions,302,redirect_to_react_route,high,Delightful Start to Season 2 of the BARE Sessions | WAKILISHA,Legacy article/page slug has a matching React magazine route.
/designing-for-accessibility-best-practices-for-inclusive-design-in-digital-and-built-environments/,/magazine/designing-for-accessibility-best-practices-for-inclusive-design-in-digital-and-built-environments,302,redirect_to_react_route,high,Designing for Accessibility: Best Practices for Inclusive Design in Digital and Built Environments | WAKILISHA,Legacy article/page slug has a matching React magazine route.
/disko-album-review-kodongklan/,/magazine/disko-album-review-kodongklan,302,redirect_to_react_route,high,Twende Disko: A Review of Disko by KODONGKLAN | WAKILISHA,Legacy article/page slug has a matching React magazine route.
/does-culture-shape-education-or-does-education-shape-culture/,/magazine/does-culture-shape-education-or-does-education-shape-culture,302,redirect_to_react_route,high,Does Culture Shape Education or Does Education Shape Culture | WAKILISHA,Legacy article/page slug has a matching React magazine route.
/duka/,/,302,redirect_to_react_route,high,Duka | WAKILISHA,Known legacy static/account route has a matching React destination.
/eliud-kipchoge-pursues-marathon-grand-slam/,/magazine/eliud-kipchoge-pursues-marathon-grand-slam,302,redirect_to_react_route,high,Eliud Kipchoge Pursues Marathon Grand Slam | WAKILISHA,Legacy article/page slug has a matching React magazine route.
/embracing-linguistic-diversity-in-a-globalized-world/,/magazine/embracing-linguistic-diversity-in-a-globalized-world,302,redirect_to_react_route,high,Embracing Linguistic Diversity in a Globalized World | WAKILISHA,Legacy article/page slug has a matching React magazine route.
/en-route-watendawili-album-review/,/magazine/en-route-watendawili-album-review,302,redirect_to_react_route,high,En Route: Journeying Through Watendawili&#039;s Debut Album | WAKILISHA,Legacy article/page slug has a matching React magazine route.
/enabling-the-adoption-of-afcfta-through-digitalization/,/magazine/enabling-the-adoption-of-afcfta-through-digitalization,302,redirect_to_react_route,high,Enabling the Adoption of AfCFTA through Digitalization | WAKILISHA,Legacy article/page slug has a matching React magazine route.
/ep-review-wameyo-by-elsy-wameyo/,/magazine/ep-review-wameyo-by-elsy-wameyo,302,redirect_to_react_route,high,EP Review: WAMEYO By Elsy Wameyo | WAKILISHA,Legacy article/page slug has a matching React magazine route.
/eric-rugara-chapter-in-the-story-of-surrealism-writing-in-kenya/,/magazine/eric-rugara-chapter-in-the-story-of-surrealism-writing-in-kenya,302,redirect_to_react_route,high,Eric Rugara&#039;s Chapter in the Story of Surrealism Writing in Kenya | WAKILISHA,Legacy article/page slug has a matching React magazine route.
/evolution-of-drill-music-in-kenya/,/magazine/evolution-of-drill-music-in-kenya,302,redirect_to_react_route,high,The Evolution of Drill music in Kenya | WAKILISHA,Legacy article/page slug has a matching React magazine route.
/evolution-of-ideas/,/magazine/evolution-of-ideas,302,redirect_to_react_route,high,The Evolution of Ideas | WAKILISHA,Legacy article/page slug has a matching React magazine route.
/expand-your-worldview-resources-to-broaden-your-perspective/,/magazine/expand-your-worldview-resources-to-broaden-your-perspective,302,redirect_to_react_route,high,Expand your Worldview: Resources to Broaden Your Perspective | WAKILISHA,Legacy article/page slug has a matching React magazine route.
/faith-kipyegon-cementing-the-reign-of-a-running-royal/,/magazine/faith-kipyegon-cementing-the-reign-of-a-running-royal,302,redirect_to_react_route,high,Faith Kipyegon: Cementing the Reign of a Running Royal | WAKILISHA,Legacy article/page slug has a matching React magazine route.
/femi-one-speaks-to-the-hearts-of-kenyan-youth-everywhere/,/magazine/femi-one-speaks-to-the-hearts-of-kenyan-youth-everywhere,302,redirect_to_react_route,high,Femi One speaks to the hearts of Kenyan youth everywhere | WAKILISHA,Legacy article/page slug has a matching React magazine route.
/fiction-books-by-kenyan-authors-to-read-at-least-once/,/magazine/fiction-books-by-kenyan-authors-to-read-at-least-once,302,redirect_to_react_route,high,10 Fiction Books by Kenyan Authors to Read at Least Once | WAKILISHA,Legacy article/page slug has a matching React magazine route.
/flier-is-for-lovers-in-endless-revolutions/,/magazine/flier-is-for-lovers-in-endless-revolutions,302,redirect_to_react_route,high,KUWAKILISHA: Flier Is For Lovers In Endless Revolutions | WAKILISHA,Legacy article/page slug has a matching React magazine route.
/found-in-translation-the-rise-of-kenyan-vernacular-pop-music/,/magazine/found-in-translation-the-rise-of-kenyan-vernacular-pop-music,302,redirect_to_react_route,high,Found in Translation: The Rise of Kenyan Vernacular Pop Music | WAKILISHA,Legacy article/page slug has a matching React magazine route.
/from-benga-to-gengetone-a-history-of-kenyan-music/,/magazine/from-benga-to-gengetone-a-history-of-kenyan-music,302,redirect_to_react_route,high,From Benga to Gengetone: A History of Kenyan Music | WAKILISHA,Legacy article/page slug has a matching React magazine route.
/from-cairo-to-cape-town-100-relaxing-african-songs-part-1/,/magazine/from-cairo-to-cape-town-100-relaxing-african-songs-part-1,302,redirect_to_react_route,high,From Cairo to Cape Town: 100 Relaxing African Songs – Part 1 | WAKILISHA,Legacy article/page slug has a matching React magazine route.
/from-cairo-to-cape-town-100-relaxing-african-songs-part-2/,/magazine/from-cairo-to-cape-town-100-relaxing-african-songs-part-2,302,redirect_to_react_route,high,From Cairo to Cape Town: 100 Relaxing African Songs – Part 2 | WAKILISHA,Legacy article/page slug has a matching React magazine route.
/from-cairo-to-cape-town-100-relaxing-african-songs-part-5/,/magazine/from-cairo-to-cape-town-100-relaxing-african-songs-part-5,302,redirect_to_react_route,high,From Cairo to Cape Town: 100 Relaxing African Songs – Part 5 | WAKILISHA,Legacy article/page slug has a matching React magazine route.
/from-cairo-to-cape-town-african-music-playlist-part-3/,/magazine/from-cairo-to-cape-town-african-music-playlist-part-3,302,redirect_to_react_route,high,From Cairo to Cape Town: African Music Playlist – Part 3 | WAKILISHA,Legacy article/page slug has a matching React magazine route.
/from-cairo-to-cape-town-relaxing-african-music-part-4/,/magazine/from-cairo-to-cape-town-relaxing-african-music-part-4,302,redirect_to_react_route,high,From Cairo to Cape Town: Relaxing African Music – Part 4 | WAKILISHA,Legacy article/page slug has a matching React magazine route.
/gen-z-account-of-2022-general-elections-in-kenya/,/magazine/gen-z-account-of-2022-general-elections-in-kenya,302,redirect_to_react_route,high,A Gen-Z Account of the 2022 General Elections in Kenya | WAKILISHA,Legacy article/page slug has a matching React magazine route.
/gods-justice-and-mercy/,/magazine/gods-justice-and-mercy,302,redirect_to_react_route,high,God&#039;s Justice and Mercy | WAKILISHA,Legacy article/page slug has a matching React magazine route.
/growing-pains-blankets-wine/,/magazine/growing-pains-blankets-wine,302,redirect_to_react_route,high,The Growing Pains of Blankets &amp; Wine | WAKILISHA,Legacy article/page slug has a matching React magazine route.
/guide-to-nfts-everything-you-need-to-know-about-non-fungible-tokens/,/magazine/guide-to-nfts-everything-you-need-to-know-about-non-fungible-tokens,302,redirect_to_react_route,high,Guide to NFTs: Everything you need to know about Non-Fungible Tokens | WAKILISHA,Legacy article/page slug has a matching React magazine route.
/history-of-nairobi-street-art-movement/,/magazine/history-of-nairobi-street-art-movement,302,redirect_to_react_route,high,Leaving a Mark: A History of Nairobi&#039;s Street Art Movement | WAKILISHA,Legacy article/page slug has a matching React magazine route.
/how-afrohouse-found-a-second-home-in-nairobi/,/magazine/how-afrohouse-found-a-second-home-in-nairobi,302,redirect_to_react_route,high,How Afrohouse Found a Second Home in Nairobi | WAKILISHA,Legacy article/page slug has a matching React magazine route.
/how-kenyan-arbantone-could-take-root-as-a-genre/,/magazine/how-kenyan-arbantone-could-take-root-as-a-genre,302,redirect_to_react_route,high,How Kenyan Arbantone Could Take Root As a Genre | WAKILISHA,Legacy article/page slug has a matching React magazine route.
/how-to-design-for-the-blind/,/magazine/how-to-design-for-the-blind,302,redirect_to_react_route,high,How to Design for the Blind | WAKILISHA,Legacy article/page slug has a matching React magazine route.
/how-to-hire-creatives/,/magazine/how-to-hire-creatives,302,redirect_to_react_route,high,How to Hire Creatives | WAKILISHA,Legacy article/page slug has a matching React magazine route.
/how-to-make-digital-art/,/magazine/how-to-make-digital-art,302,redirect_to_react_route,high,How to Make Digital Art | WAKILISHA,Legacy article/page slug has a matching React magazine route.
/how-to-make-new-friends/,/magazine/how-to-make-new-friends,302,redirect_to_react_route,high,How to Make New Friends | WAKILISHA,Legacy article/page slug has a matching React magazine route.
/how-to-transfer-music-playlists-from-spotify-to-apple-music/,/magazine/how-to-transfer-music-playlists-from-spotify-to-apple-music,302,redirect_to_react_route,high,How to Transfer Music Playlists from Spotify to Apple Music | WAKILISHA,Legacy article/page slug has a matching React magazine route.
/how-working-from-home-is-changing-the-creative-industry/,/magazine/how-working-from-home-is-changing-the-creative-industry,302,redirect_to_react_route,high,How Working From Home is Changing the Creative Industry | WAKILISHA,Legacy article/page slug has a matching React magazine route.
/importance-of-art-in-engaging-the-community/,/magazine/importance-of-art-in-engaging-the-community,302,redirect_to_react_route,high,Importance of Art in Engaging the Community | WAKILISHA,Legacy article/page slug has a matching React magazine route.
/interview-maina-murumba-future-comedy-in-kenya/,/magazine/interview-maina-murumba-future-comedy-in-kenya,302,redirect_to_react_route,high,Interview with Maina Murumba on the Future of Comedy in Kenya | WAKILISHA,Legacy article/page slug has a matching React magazine route.
/january-2024-noteworthy-fellowships-residencies-and-grants-for-kenyan-creatives/,/magazine/january-2024-noteworthy-fellowships-residencies-and-grants-for-kenyan-creatives,302,redirect_to_react_route,high,"Calling Kenyan Creatives: Your Guide to January&#039;s Noteworthy Fellowships, Residencies, and Grants | WAKILISHA",Legacy article/page slug has a matching React magazine route.
/joseph-mbatia-bertiers-sarakasi-za-siasa-art-exhibition/,/magazine/joseph-mbatia-bertiers-sarakasi-za-siasa-art-exhibition,302,redirect_to_react_route,high,"Sarakasi za Siasa: An Unadulterated Experience of Kenyan Politics, Art and Society by Joseph Mbatia (Bertiers) |…",Legacy article/page slug has a matching React magazine route.
/journal-of-a-new-plant-mom/,/magazine/journal-of-a-new-plant-mom,302,redirect_to_react_route,high,Journal of a New Plant Mom | WAKILISHA,Legacy article/page slug has a matching React magazine route.
/just-a-band-articulating-the-world-on-own-terms/,/magazine/just-a-band-articulating-the-world-on-own-terms,302,redirect_to_react_route,high,Just A Band: Articulating the World on Their Own Terms | WAKILISHA,Legacy article/page slug has a matching React magazine route.
/kenya-youtube-specials/,/magazine/kenya-youtube-specials,302,redirect_to_react_route,high,Spotlight on Kenyan YouTube Specials | WAKILISHA,Legacy article/page slug has a matching React magazine route.
/kenyan-art-exploring-the-rich-culture-of-the-maasai/,/magazine/kenyan-art-exploring-the-rich-culture-of-the-maasai,302,redirect_to_react_route,high,Kenyan Art: Exploring the Rich Culture of the Maasai | WAKILISHA,Legacy article/page slug has a matching React magazine route.
/kenyan-female-artists-2022/,/magazine/kenyan-female-artists-2022,302,redirect_to_react_route,high,10 Kenyan Female Artists Who Owned 2022 | WAKILISHA,Legacy article/page slug has a matching React magazine route.
/kenyan-music-to-the-world/,/magazine/kenyan-music-to-the-world,302,redirect_to_react_route,high,Kenyan Music To The World | WAKILISHA,Legacy article/page slug has a matching React magazine route.
/kenyan-short-stories-published-in-2023/,/magazine/kenyan-short-stories-published-in-2023,302,redirect_to_react_route,high,5 Outstanding Kenyan Short Stories Published In 2023 | WAKILISHA,Legacy article/page slug has a matching React magazine route.
/kenyan-shows-on-showmax-adapted-from-other-african-shows/,/magazine/kenyan-shows-on-showmax-adapted-from-other-african-shows,302,redirect_to_react_route,high,5 Popular Kenyan Shows on Showmax Adapted from Other African Shows | WAKILISHA,Legacy article/page slug has a matching React magazine route.
/kenyan-visual-artists-propelling-industry-forward/,/magazine/kenyan-visual-artists-propelling-industry-forward,302,redirect_to_react_route,high,The Kenyan Visual Artists Propelling the Industry Forward | WAKILISHA,Legacy article/page slug has a matching React magazine route.
/kenyas-top-10-one-hit-wonder-songs/,/magazine/kenyas-top-10-one-hit-wonder-songs,302,redirect_to_react_route,high,Kenya&#039;s Top 10 One Hit Wonder Songs | WAKILISHA,Legacy article/page slug has a matching React magazine route.
/kenyas-top-female-artists-of-2025/,/magazine/kenyas-top-female-artists-of-2025,302,redirect_to_react_route,high,Kenya&#039;s Top Female Artists of 2025 | WAKILISHA,Legacy article/page slug has a matching React magazine route.
/likizo-dj-mura-big-nyagz-album-review/,/magazine/likizo-dj-mura-big-nyagz-album-review,302,redirect_to_react_route,high,Album Review: Likizo by DJ Mura and Big Nyagz | WAKILISHA,Legacy article/page slug has a matching React magazine route.
/login/,/auth,302,redirect_to_react_route,high,Sign in | WAKILISHA,Known legacy static/account route has a matching React destination.
/magdalene-odundo-exhibition-at-the-hayward-gallery-art-exhibition/,/magazine/magdalene-odundo-exhibition-at-the-hayward-gallery-art-exhibition,302,redirect_to_react_route,high,Magdalene Odundo at the Hayward Gallery Ceramic Art Exhibition | WAKILISHA,Legacy article/page slug has a matching React magazine route.
/maisha-ya-stunna-album-review/,/magazine/maisha-ya-stunna-album-review,302,redirect_to_react_route,high,Album Review: Maisha Ya Stunna | WAKILISHA,Legacy article/page slug has a matching React magazine route.
/making-art-accessible-to-everyone/,/magazine/making-art-accessible-to-everyone,302,redirect_to_react_route,high,Making Art Accessible to Everyone | WAKILISHA,Legacy article/page slug has a matching React magazine route.
/michael-soi-and-thom-ogongas-sex-and-the-city-5-art-exhibition-opens-at-alliance-francaise/,/magazine/michael-soi-and-thom-ogongas-sex-and-the-city-5-art-exhibition-opens-at-alliance-francaise,302,redirect_to_react_route,high,Michael Soi and Thom Ogonga&#039;s &#039;Sex and the City 5&#039; Art Exhibition Opens at Alliance Française | WAKILISHA,Legacy article/page slug has a matching React magazine route.
/nairobi-festival-a-spark-to-rekindle-the-fire-of-community/,/magazine/nairobi-festival-a-spark-to-rekindle-the-fire-of-community,302,redirect_to_react_route,high,Nairobi Festival: a spark to rekindle the fire of community | WAKILISHA,Legacy article/page slug has a matching React magazine route.
/nairobi-national-park/,/magazine/nairobi-national-park,302,redirect_to_react_route,high,Nairobi National Park | WAKILISHA,Legacy article/page slug has a matching React magazine route.
/njerae-and-the-changing-face-of-kenyan-rnb/,/magazine/njerae-and-the-changing-face-of-kenyan-rnb,302,redirect_to_react_route,high,Njerae and the changing face of Kenyan R&amp;B | WAKILISHA,Legacy article/page slug has a matching React magazine route.
/njoki-karu-mwihoko-utheri-wa-ngoro-album-review/,/magazine/njoki-karu-mwihoko-utheri-wa-ngoro-album-review,302,redirect_to_react_route,high,Album Review – Mwihoko: Utheri Wa Ngoro | WAKILISHA,Legacy article/page slug has a matching React magazine route.
/no-dead-heroes-no-good-soldiers/,/magazine/no-dead-heroes-no-good-soldiers,302,redirect_to_react_route,high,"No dead heroes, no good soldiers. | WAKILISHA",Legacy article/page slug has a matching React magazine route.
/nyege-nyege-festival-2023-november/,/magazine/nyege-nyege-festival-2023-november,302,redirect_to_react_route,high,Nyege Nyege Festival Returns to Jinja in 2023 | WAKILISHA,Legacy article/page slug has a matching React magazine route.
/of-shrubbing-or-when-the-tongue-slips/,/magazine/of-shrubbing-or-when-the-tongue-slips,302,redirect_to_react_route,high,"Of shrubbing, or when the tongue slips | WAKILISHA",Legacy article/page slug has a matching React magazine route.
/open-letter-cabinet-secretary-youth-affairs-sports-arts/,/magazine/open-letter-cabinet-secretary-youth-affairs-sports-arts,302,redirect_to_react_route,high,"Dear Cabinet Secretary for Youth Affairs, Sports and The Arts | WAKILISHA",Legacy article/page slug has a matching React magazine route.
/overthinkers-assemble/,/magazine/overthinkers-assemble,302,redirect_to_react_route,high,"Overthinkers, Assemble! | WAKILISHA",Legacy article/page slug has a matching React magazine route.
/pepeta-stoking-the-flames-of-acceptance/,/magazine/pepeta-stoking-the-flames-of-acceptance,302,redirect_to_react_route,high,Pepeta: Stoking the Flames of Acceptance | WAKILISHA,Legacy article/page slug has a matching React magazine route.
/poetry-slam-africa-festival-returns-to-nairobi-this-january/,/magazine/poetry-slam-africa-festival-returns-to-nairobi-this-january,302,redirect_to_react_route,high,Poetry Slam Africa Festival Returns to Nairobi this January | WAKILISHA,Legacy article/page slug has a matching React magazine route.
/promoting-music-on-tiktok-and-social-media/,/magazine/promoting-music-on-tiktok-and-social-media,302,redirect_to_react_route,high,Promoting Music on TikTok and Other Social Platforms | WAKILISHA,Legacy article/page slug has a matching React magazine route.
/public-profile/,/profile,302,redirect_to_react_route,high,Profile | WAKILISHA,Known legacy static/account route has a matching React destination.
/registry/,/charts,302,redirect_to_react_route,high,The Registry© | WAKILISHA,Known legacy static/account route has a matching React destination.
/review-of-kizazi-moto-by-kizazi-moto/,/magazine/review-of-kizazi-moto-by-kizazi-moto,302,redirect_to_react_route,high,Fire Meets Fire: A Review of Kizazi Moto by Kizazi Moto | WAKILISHA,Legacy article/page slug has a matching React magazine route.
/short-walk-through-maasai-market/,/magazine/short-walk-through-maasai-market,302,redirect_to_react_route,high,A Short Walk Through Maasai Market | WAKILISHA,Legacy article/page slug has a matching React magazine route.
/should-you-read-african-fiction/,/magazine/should-you-read-african-fiction,302,redirect_to_react_route,high,Should You be Reading African Fiction? 3 Stories That Say &#039;Absolutely&#039; | WAKILISHA,Legacy article/page slug has a matching React magazine route.
/so-you-are-crying-in-a-matatu/,/magazine/so-you-are-crying-in-a-matatu,302,redirect_to_react_route,high,So you&#039;re crying in a matatu | WAKILISHA,Legacy article/page slug has a matching React magazine route.
/spotlight-on-kenyan-literature-in-2023/,/magazine/spotlight-on-kenyan-literature-in-2023,302,redirect_to_react_route,high,Spotlight on Kenyan Literature in 2023 | WAKILISHA,Legacy article/page slug has a matching React magazine route.
/stomach-infrastructure-2-0-how-digital-politics-feeds-hunger/,/magazine/stomach-infrastructure-2-0-how-digital-politics-feeds-hunger,302,redirect_to_react_route,high,Stomach Infrastructure 2.0: How Digital Politics Feeds Hunger | WAKILISHA,Legacy article/page slug has a matching React magazine route.
/taifa-1-kenya-launches-first-earth-observation-satellite-into-orbit/,/magazine/taifa-1-kenya-launches-first-earth-observation-satellite-into-orbit,302,redirect_to_react_route,high,Taifa-1: Kenya Launches First Earth Observation Satellite into Orbit | WAKILISHA,Legacy article/page slug has a matching React magazine route.
/thais-diarra-noumoucounda-alliance-francaise-nairobi/,/magazine/thais-diarra-noumoucounda-alliance-francaise-nairobi,302,redirect_to_react_route,high,"Thaïs Diarra &amp; Noumoucounda at Alliance Francaise, Nairobi | WAKILISHA",Legacy article/page slug has a matching React magazine route.
/the-african-climate-story-they-do-not-want-us-to-tell/,/magazine/the-african-climate-story-they-do-not-want-us-to-tell,302,redirect_to_react_route,high,The African Climate Story They Do Not Want Us To Tell | WAKILISHA,Legacy article/page slug has a matching React magazine route.
/the-artists-who-defined-kenyan-music-in-2025/,/magazine/the-artists-who-defined-kenyan-music-in-2025,302,redirect_to_react_route,high,The Artists Who Defined Kenyan Music in 2025 | WAKILISHA,Legacy article/page slug has a matching React magazine route.
/the-birth-of-the-visualizer/,/magazine/the-birth-of-the-visualizer,302,redirect_to_react_route,high,The Music Video Is Dead. Long Live the Visualizer. | WAKILISHA,Legacy article/page slug has a matching React magazine route.
/the-curious-case-of-the-young-contemporary-african/,/magazine/the-curious-case-of-the-young-contemporary-african,302,redirect_to_react_route,high,"The Curious Case of the Young, Contemporary African | WAKILISHA",Legacy article/page slug has a matching React magazine route.
/the-day-kenyans-got-angry-enough-rejectfinancebill2024/,/magazine/the-day-kenyans-got-angry-enough-rejectfinancebill2024,302,redirect_to_react_route,high,#RejectFinanceBill2024: The Day Kenyans Got Angry Enough | WAKILISHA,Legacy article/page slug has a matching React magazine route.
/the-era-of-digital-music-spotify-launches-in-kenya/,/magazine/the-era-of-digital-music-spotify-launches-in-kenya,302,redirect_to_react_route,high,The Era of Digital Music | Spotify Launches In Kenya | WAKILISHA,Legacy article/page slug has a matching React magazine route.
/the-evolution-of-kikuyu-music/,/magazine/the-evolution-of-kikuyu-music,302,redirect_to_react_route,high,The Evolution of Kikuyu Music | WAKILISHA,Legacy article/page slug has a matching React magazine route.
/the-ghost-in-the-algorithm-how-digital-africa-lost-its-moral-compass/,/magazine/the-ghost-in-the-algorithm-how-digital-africa-lost-its-moral-compass,302,redirect_to_react_route,high,The Ghost in the Algorithm: How Digital Africa Lost Its Moral Compass | WAKILISHA,Legacy article/page slug has a matching React magazine route.
/the-hound-of-heaven-comes-to-succession/,/magazine/the-hound-of-heaven-comes-to-succession,302,redirect_to_react_route,high,The Hound of Heaven Comes to Succession | WAKILISHA,Legacy article/page slug has a matching React magazine route.
/the-kenya-pavilion-at-la-biennale-di-venezia-2022/,/magazine/the-kenya-pavilion-at-la-biennale-di-venezia-2022,302,redirect_to_react_route,high,The Kenya Pavilion at La Biennale Di Venezia 2022 | WAKILISHA,Legacy article/page slug has a matching React magazine route.
/the-latest-exhibition-by-syowia-kyambi-explores-the-bold-truth/,/magazine/the-latest-exhibition-by-syowia-kyambi-explores-the-bold-truth,302,redirect_to_react_route,high,The Latest Exhibition by Syowia Kyambi Explores the Bold Truth | WAKILISHA,Legacy article/page slug has a matching React magazine route.
/the-power-of-film/,/magazine/the-power-of-film,302,redirect_to_react_route,high,The Power of Film | WAKILISHA,Legacy article/page slug has a matching React magazine route.
/the-rise-of-music-playlists/,/magazine/the-rise-of-music-playlists,302,redirect_to_react_route,high,The Rise of Music Playlists | WAKILISHA,Legacy article/page slug has a matching React magazine route.
/the-rising-popularity-of-afro-centric-childrens-entertainment/,/magazine/the-rising-popularity-of-afro-centric-childrens-entertainment,302,redirect_to_react_route,high,The Rising Popularity of Afro-Centric Children&#039;s Entertainment | WAKILISHA,Legacy article/page slug has a matching React magazine route.
/the-songs-that-marched-with-us/,/magazine/the-songs-that-marched-with-us,302,redirect_to_react_route,high,The Songs That Marched With Us | WAKILISHA,Legacy article/page slug has a matching React magazine route.
/the-three-phases-of-gengetone/,/magazine/the-three-phases-of-gengetone,302,redirect_to_react_route,high,The Three Phases Of Gengetone | WAKILISHA,Legacy article/page slug has a matching React magazine route.
/the-truth-still-counts/,/magazine/the-truth-still-counts,302,redirect_to_react_route,high,The Truth Still Counts | WAKILISHA,Legacy article/page slug has a matching React magazine route.
/the-water-we-drink-the-food-we-eat-why-we-need-to-trace-the-source/,/magazine/the-water-we-drink-the-food-we-eat-why-we-need-to-trace-the-source,302,redirect_to_react_route,high,"The Water We Drink, The Food We Eat: Why We Need to Trace the Source | WAKILISHA",Legacy article/page slug has a matching React magazine route.
/theatre-in-a-vacuum/,/magazine/theatre-in-a-vacuum,302,redirect_to_react_route,high,Theatre in a Vacuum | WAKILISHA,Legacy article/page slug has a matching React magazine route.
/this-year/,/magazine/this-year,302,redirect_to_react_route,high,This Year | WAKILISHA,Legacy article/page slug has a matching React magazine route.
/too-early-for-birds-rewriting-annals-kenya-history/,/magazine/too-early-for-birds-rewriting-annals-kenya-history,302,redirect_to_react_route,high,Too Early For Birds: Rewriting the Annals of Kenya&#039;s History | WAKILISHA,Legacy article/page slug has a matching React magazine route.
/top-10-femi-one-songs/,/magazine/top-10-femi-one-songs,302,redirect_to_react_route,high,Top 10 Femi One Songs | WAKILISHA,Legacy article/page slug has a matching React magazine route.
/top-10-karun-songs/,/magazine/top-10-karun-songs,302,redirect_to_react_route,high,Top 10 Karun Songs | WAKILISHA,Legacy article/page slug has a matching React magazine route.
/top-10-kenyan-albums-2025/,/magazine/top-10-kenyan-albums-2025,302,redirect_to_react_route,high,Top 10 Kenyan Albums of 2025 | WAKILISHA,Legacy article/page slug has a matching React magazine route.
/top-10-kenyan-albums-of-2022/,/magazine/top-10-kenyan-albums-of-2022,302,redirect_to_react_route,high,WAKILISHA&#039;s Top 10 Kenyan Albums of 2022 | WAKILISHA,Legacy article/page slug has a matching React magazine route.
/top-10-otile-brown-songs/,/magazine/top-10-otile-brown-songs,302,redirect_to_react_route,high,Top 10 Otile Brown Songs | WAKILISHA,Legacy article/page slug has a matching React magazine route.
/top-10-songs-by-buruklyn-boyz/,/magazine/top-10-songs-by-buruklyn-boyz,302,redirect_to_react_route,high,Top 10 BURUKLYN BOYZ Songs | WAKILISHA,Legacy article/page slug has a matching React magazine route.
/top-10-songs-by-kenyan-female-artists-released-in-january-2023/,/magazine/top-10-songs-by-kenyan-female-artists-released-in-january-2023,302,redirect_to_react_route,high,Top 10 Songs by Kenyan Female Artists Released in January 2023 | WAKILISHA,Legacy article/page slug has a matching React magazine route.
/top-10-ssaru-songs/,/magazine/top-10-ssaru-songs,302,redirect_to_react_route,high,Top 10 Ssaru Songs | WAKILISHA,Legacy article/page slug has a matching React magazine route.
/top-10-trio-mio-songs/,/magazine/top-10-trio-mio-songs,302,redirect_to_react_route,high,Top 10 Trio Mio Songs | WAKILISHA,Legacy article/page slug has a matching React magazine route.
/top-15-sauti-sol-songs/,/magazine/top-15-sauti-sol-songs,302,redirect_to_react_route,high,Top 15 Sauti Sol Songs | WAKILISHA,Legacy article/page slug has a matching React magazine route.
/top-15-wakadinali-songs/,/magazine/top-15-wakadinali-songs,302,redirect_to_react_route,high,Top 15 Wakadinali Songs | WAKILISHA,Legacy article/page slug has a matching React magazine route.
/top-20-kenyan-songs-released-in-february-2023/,/magazine/top-20-kenyan-songs-released-in-february-2023,302,redirect_to_react_route,high,Top 20 Kenyan Songs Released in February 2023 | WAKILISHA,Legacy article/page slug has a matching React magazine route.
/top-20-kenyan-songs-released-in-january-2023/,/magazine/top-20-kenyan-songs-released-in-january-2023,302,redirect_to_react_route,high,Top 20 Kenyan Songs Released in January 2023 | WAKILISHA,Legacy article/page slug has a matching React magazine route.
/top-20-nyashinski-songs/,/magazine/top-20-nyashinski-songs,302,redirect_to_react_route,high,Top 20 Nyashinski Songs | WAKILISHA,Legacy article/page slug has a matching React magazine route.
/top-25-kenyan-songs-released-in-march-2023/,/magazine/top-25-kenyan-songs-released-in-march-2023,302,redirect_to_react_route,high,Top 25 Kenyan Songs Released in March 2023 | WAKILISHA,Legacy article/page slug has a matching React magazine route.
/top-5-kenyan-films-on-netflix-writers-pick/,/magazine/top-5-kenyan-films-on-netflix-writers-pick,302,redirect_to_react_route,high,Top 5 Kenyan Films on Netflix – Writer&#039;s Picks | WAKILISHA,Legacy article/page slug has a matching React magazine route.
/top-5-kenyan-films-released-in-2023/,/magazine/top-5-kenyan-films-released-in-2023,302,redirect_to_react_route,high,Top 5 Kenyan Films Released In 2023 | WAKILISHA,Legacy article/page slug has a matching React magazine route.
/top-gengetone-songs-of-2022/,/magazine/top-gengetone-songs-of-2022,302,redirect_to_react_route,high,Top Gengetone Songs of 2022 | WAKILISHA,Legacy article/page slug has a matching React magazine route.
/top-gengetone-songs-released-in-2023/,/magazine/top-gengetone-songs-released-in-2023,302,redirect_to_react_route,high,Top Gengetone Songs Released in 2023 | WAKILISHA,Legacy article/page slug has a matching React magazine route.
/top-gengetone-songs-released-in-2025/,/magazine/top-gengetone-songs-released-in-2025,302,redirect_to_react_route,high,Top 20 Gengetone Songs Released in 2025 | WAKILISHA,Legacy article/page slug has a matching React magazine route.
/top-gengetone-songs-to-include-in-your-party-playlist/,/magazine/top-gengetone-songs-to-include-in-your-party-playlist,302,redirect_to_react_route,high,Top Gengetone Songs To Include in Your Party Playlist | WAKILISHA,Legacy article/page slug has a matching React magazine route.
/top-kenyan-albums-released-in-2023/,/magazine/top-kenyan-albums-released-in-2023,302,redirect_to_react_route,high,Top 15 Kenyan Albums Released in 2023 | WAKILISHA,Legacy article/page slug has a matching React magazine route.
/top-kenyan-drill-songs-released-in-2023/,/magazine/top-kenyan-drill-songs-released-in-2023,302,redirect_to_react_route,high,Top Kenyan Drill Songs Released in 2023 | WAKILISHA,Legacy article/page slug has a matching React magazine route.
/top-kenyan-songs-of-2025/,/magazine/top-kenyan-songs-of-2025,302,redirect_to_react_route,high,Top 50 Kenyan Songs Of 2025 | WAKILISHA,Legacy article/page slug has a matching React magazine route.
/top-kenyan-songs-released-in-april-2023/,/magazine/top-kenyan-songs-released-in-april-2023,302,redirect_to_react_route,high,Top 25 Kenyan Songs Released in April 2023 | WAKILISHA,Legacy article/page slug has a matching React magazine route.
/top-kenyan-songs-released-in-august-2023/,/magazine/top-kenyan-songs-released-in-august-2023,302,redirect_to_react_route,high,Top Kenyan Songs Released in August 2023 | WAKILISHA,Legacy article/page slug has a matching React magazine route.
/top-kenyan-songs-released-in-july-2023/,/magazine/top-kenyan-songs-released-in-july-2023,302,redirect_to_react_route,high,Top Kenyan Songs Released in July 2023 | WAKILISHA,Legacy article/page slug has a matching React magazine route.
/top-kenyan-songs-released-in-november-2023/,/magazine/top-kenyan-songs-released-in-november-2023,302,redirect_to_react_route,high,Top Kenyan Songs Released in November 2023 | WAKILISHA,Legacy article/page slug has a matching React magazine route.
/toxic-lyrikali-amplifying-the-voice-of-the-streets/,/magazine/toxic-lyrikali-amplifying-the-voice-of-the-streets,302,redirect_to_react_route,high,Toxic Lyrikali: Amplifying the Voice of the Streets | WAKILISHA,Legacy article/page slug has a matching React magazine route.
/trio-mio-a-new-hope-for-kenyan-music/,/magazine/trio-mio-a-new-hope-for-kenyan-music,302,redirect_to_react_route,high,Trio Mio: A New Hope for Kenyan Music | WAKILISHA,Legacy article/page slug has a matching React magazine route.
/volume-latest-kenyan-offering-on-netflix-asks-a-question/,/magazine/volume-latest-kenyan-offering-on-netflix-asks-a-question,302,redirect_to_react_route,high,Volume: Latest Kenyan Offering on Netflix Asks a Question | WAKILISHA,Legacy article/page slug has a matching React magazine route.
/wakilisha-humanistic-approach-covid-19-public-awareness/,/magazine/wakilisha-humanistic-approach-covid-19-public-awareness,302,redirect_to_react_route,high,WAKILISHA Adopts Humanistic Approach to Covid-19 Public Awareness | WAKILISHA,Legacy article/page slug has a matching React magazine route.
/want-to-get-out-more-start-a-book-club/,/magazine/want-to-get-out-more-start-a-book-club,302,redirect_to_react_route,high,Want to Get Out More? Start a Book Club | WAKILISHA,Legacy article/page slug has a matching React magazine route.
/what-about-selfishness/,/magazine/what-about-selfishness,302,redirect_to_react_route,high,What about Selfishness? | WAKILISHA,Legacy article/page slug has a matching React magazine route.
/what-is-amapiano/,/magazine/what-is-amapiano,302,redirect_to_react_route,high,What is Amapiano? | WAKILISHA,Legacy article/page slug has a matching React magazine route.
/what-is-it-about-kenyan-events/,/magazine/what-is-it-about-kenyan-events,302,redirect_to_react_route,high,What Is It About Kenyan Events? | WAKILISHA,Legacy article/page slug has a matching React magazine route.
/what-is-the-importance-of-music/,/magazine/what-is-the-importance-of-music,302,redirect_to_react_route,high,What is the Importance of Music | WAKILISHA,Legacy article/page slug has a matching React magazine route.
/what-to-know-about-the-proposed-copyright-bill/,/magazine/what-to-know-about-the-proposed-copyright-bill,302,redirect_to_react_route,high,What to Know About the Proposed Copyright Bill | WAKILISHA,Legacy article/page slug has a matching React magazine route.
/why-love-can-be-so-unsexy/,/magazine/why-love-can-be-so-unsexy,302,redirect_to_react_route,high,Why Love Can Be So… Unsexy | WAKILISHA,Legacy article/page slug has a matching React magazine route.
/why-you-need-design-thinking/,/magazine/why-you-need-design-thinking,302,redirect_to_react_route,high,Why You Need Design Thinking | WAKILISHA,Legacy article/page slug has a matching React magazine route.
